ID,Label
10001,0.5899126442998506
10002,0.13534488679850704
10003,0.360401315444805
10004,0.4777863796080625
10005,0.5877799054761915
10006,0.08820602701852058
10007,0.12969680051666496
10008,0.27141226626113796
10009,0.5028580167525843
10010,0.42662936046659256
10011,0.6587697512162619
10012,0.8405296134981227
10013,0.7085157877272102
10014,0.2793655309443768
10015,0.40985066829496736
10016,0.7535284301302669
10017,0.5008712452940541
10018,0.6511880142184995
10019,0.2584188084268999
10020,0.4406122424304836
10021,0.0756113719250574
10022,0.676405120119891
10023,0.13223316653101072
10024,0.44585750383920014
10025,0.3980928431605315
10026,0.42772716342705175
10027,0.2719603450232678
10028,0.6655545394259388
10029,0.07696889197942823
10030,0.8374627462603935
10031,0.23409286002416294
10032,0.7997480754627889
10033,0.09410079607313032
10034,0.2909463759700689
10035,0.29166127717210544
10036,0.7577867963877186
10037,0.0969251561994772
10038,0.2299295274545463
10039,0.3063258898298601
10040,0.3974891526686895
10041,0.20819297420272045
10042,0.18704692302042186
10043,0.4289843151501056
10044,0.3854712645889193
10045,0.11332919009358967
10046,0.16610433574863984
10047,0.7226907785892416
10048,0.6926950045279633
10049,0.435286009101168
10050,0.6388542734098338
10051,0.28529331144732906
10052,0.1543061580855951
10053,0.606438288277886
10054,0.21245446483898583
10055,0.3845275232132865
10056,0.3878599471341428
10057,0.7079172536057429
10058,0.6527701013483229
10059,0.5290818684175084
10060,0.3720880274056604
10061,0.562651133360036
10062,0.8590394090958314
10063,0.21198673901410658
10064,0.18343437020778405
10065,0.49800263305868847
10066,0.2882959546641489
10067,0.2986747563307656
10068,0.5621981636474619
10069,0.4448770778163348
10070,0.42663958490438253
10071,0.5628953753962399
10072,0.6582963082842979
10073,0.16541455417061277
10074,0.640037031511212
10075,0.4802387772005167
10076,0.14224708189962204
10077,0.24347504053005412
10078,0.5537126831356679
10079,0.4077425653096629
10080,0.09306065222579239
10081,0.12042639977801409
10082,0.8876296919105938
10083,0.21406429890997042
10084,0.2804606618473472
10085,0.8749862498759765
10086,0.7836779182458474
10087,0.4656035730215133
10088,0.5747062553761114
10089,0.5479956595169988
10090,0.37598170477128967
10091,0.13302008481260874
10092,0.12834763319695128
10093,0.6877178730165391
10094,0.09946856784817117
10095,0.12146097863088584
10096,0.2675182714558539
10097,0.3743648112467764
10098,0.5648411834265942
10099,0.27438615638782465
10100,0.7636375329222567
10101,0.6396863582170536
10102,0.33898190767640657
10103,0.728626641862961
10104,0.10135841074755894
10105,0.418764745634297
10106,0.6849200059589649
10107,0.7822791919013651
10108,0.26490080410204664
10109,0.5283267969619928
10110,0.19236735813550698
10111,0.20203051844437114
10112,0.6948409856920245
10113,0.26983695953094716
10114,0.7636969187693754
10115,0.7246877979166473
10116,0.2000658301767284
10117,0.554358661679252
10118,0.3798963183096823
10119,0.4099390086111614
10120,0.6101130298449999
10121,0.7718145858558269
10122,0.6792542792429337
10123,0.33198018106365845
10124,0.3550981928123328
10125,0.2577218401207011
10126,0.81653878421737
10127,0.6640030351320236
10128,0.297263203465935
10129,0.4024535991738111
10130,0.702095796838712
10131,0.7282630762778639
10132,0.4450203319926648
10133,0.6639336707873413
10134,0.8034690975195573
10135,0.5306007785609713
10136,0.8826246002227456
10137,0.7632511065639679
10138,0.5743198283532568
10139,0.6792416569617333
10140,0.7016593295925461
10141,0.7325381737107394
10142,0.8767328424232802
10143,0.6671363463406926
10144,0.584280077510645
10145,0.10045968670688749
10146,0.6406852002552554
10147,0.23474053893229793
10148,0.4558354503335934
10149,0.8671263039627601
10150,0.6595986695118364
10151,0.6718108653700772
10152,0.3465418745500342
10153,0.85880139750569
10154,0.6346815670015837
10155,0.6607802340179699
10156,0.3337868419699816
10157,0.8808173445696224
10158,0.45639206836940915
10159,0.34088782488525937
10160,0.8524114520137966
10161,0.6924210516523764
10162,0.2227038742655014
10163,0.48881033955822284
10164,0.8116218570665175
10165,0.7581297633755167
10166,0.49283136335091204
10167,0.896441370568226
10168,0.8245731849271812
10169,0.831381167135244
10170,0.9056910504968899
10171,0.9056910504968899
10172,0.823962899885087
10173,0.9412754278647542
10174,0.6332823098423822
10175,0.9367963622878179
10176,0.9169088282303922
10177,0.1611592764271896
10178,0.17625357213116083
10179,0.5272920049535339
10180,0.5848275547257716
10181,0.9198994237206102
10182,0.7980153902383578
10183,0.17898337757505028
10184,0.5214832041648713
10185,0.8535753714062644
10186,0.8925733389501662
10187,0.2610518275616129
10188,0.3071448683754449
10189,0.7164625162664449
10190,0.44746183535726086
10191,0.5614921920224255
10192,0.8194659018451426
10193,0.1731969685886574
10194,0.5456343589867555
10195,0.7113532623729342
10196,0.46287196351579074
10197,0.5186472612277108
10198,0.8283734904539293
10199,0.5716091291321103
10200,0.49508439190123116
10201,0.5798831942840561
10202,0.6600842397456014
10203,0.329394949391427
10204,0.7611371858532546
10205,0.5138010491912277
10206,0.3544741316481666
10207,0.15098539417011173
10208,0.46661941178937927
10209,0.8900336711813417
10210,0.42143930801506696
10211,0.4269057329884657
10212,0.672116070999426
10213,0.21002540388519622
10214,0.6923311176335623
10215,0.2774599590702629
10216,0.36813990424646936
10217,0.27220823389887894
10218,0.5269313631444607
10219,0.5130021220721016
10220,0.793100934637286
10221,0.8202221360320334
10222,0.8486430894113741
10223,0.898538482332202
10224,0.9071129605038
10225,0.46183553644754527
10226,0.7858524779864562
10227,0.756754302561874
10228,0.2416884598183959
10229,0.5520030037238927
10230,0.7791348152714294
10231,0.814078529404586
10232,0.5729799309019891
10233,0.6349863210028256
10234,0.3808656203519378
10235,0.4807459596844888
10236,0.6953877692098356
10237,0.09305543347100569
10238,0.8372460752656454
10239,0.15562606160445108
10240,0.5071751708752037
10241,0.6433417437539407
10242,0.8551363815407658
10243,0.7834634993985414
10244,0.24865806131273122
10245,0.31381407856393473
10246,0.5388336847232416
10247,0.7330334617118741
10248,0.6390200960366769
10249,0.5547158466500044
10250,0.5859136284339396
10251,0.6479667751892927
10252,0.7027360713964103
10253,0.5890662153178188
10254,0.6252320242013896
10255,0.22561865246956972
10256,0.7356999576233566
10257,0.9029578892275893
10258,0.6777124021777708
10259,0.24285476743238338
10260,0.23052069000257863
10261,0.6083971674226618
10262,0.5358998442161923
10263,0.7926108143529732
10264,0.8782861850271915
10265,0.8561113861743798
10266,0.2557144331770121
10267,0.20860415106025143
10268,0.6359939410477654
10269,0.5204007126546181
10270,0.5666901957334662
10271,0.4505375759552729
10272,0.8140342555771765
10273,0.34487970568485726
10274,0.8699864732439312
10275,0.8159364027844053
10276,0.9311645019303625
10277,0.624076406023592
10278,0.792704024958443
10279,0.8120605518037136
10280,0.9198116276764131
10281,0.5091300893311858
10282,0.7525762163211867
10283,0.8266621354859602
10284,0.8051257114362189
10285,0.8950370684135954
10286,0.6869995245460861
10287,0.9239073174528064
10288,0.8238682205780522
10289,0.5672668608016634
10290,0.7758643137819496
10291,0.7512383557947829
10292,0.8925022249019996
10293,0.8237503745628288
10294,0.5449772310710473
10295,0.7465113158254757
10296,0.5823563695062173
10297,0.2547786401312442
10298,0.4618190053965615
10299,0.6869632971766296
10300,0.4982772780030944
10301,0.8950630142187674
10302,0.4624495562973564
10303,0.8694082917575334
10304,0.9003472728241564
10305,0.19555942192688233
10306,0.9092135592881945
10307,0.2439296034205226
10308,0.2439296034205226
10309,0.6439639454977344
10310,0.7930200426543164
10311,0.8608251627678492
10312,0.8608251627678492
10313,0.43051839616609455
10314,0.5585018831957197
10315,0.7184757872485119
10316,0.5224405730189607
10317,0.8793186327207657
10318,0.4922167466071744
10319,0.8002318896017316
10320,0.21656429052299625
10321,0.7548504306456288
10322,0.37229840879824605
10323,0.6238506218326297
10324,0.7356037631409016
10325,0.35761969739980193
10326,0.6603006874636085
10327,0.6984607005045712
10328,0.6038129480577317
10329,0.5493556841447924
10330,0.5337263507901988
10331,0.5337263507901988
10332,0.8041769856711818
10333,0.3261856608012885
10334,0.17996718614227278
10335,0.36887850761234864
10336,0.30251732409590865
10337,0.26437788304801524
10338,0.45308675306363927
10339,0.5903135484660255
10340,0.918677036232128
10341,0.23099126409177087
10342,0.26183763543150507
10343,0.3769710165764485
10344,0.2501731467716736
10345,0.3713887746587478
10346,0.5101283585586783
10347,0.5751574657120022
10348,0.6075992167355498
10349,0.2930259127851229
10350,0.33696857204038727
10351,0.6287457352442773
10352,0.5302899743653701
10353,0.32103685089056316
10354,0.43189229769799453
10355,0.4135929618212083
10356,0.7772844534579476
10357,0.7321692974290468
10358,0.4170992527192141
10359,0.6939147942693694
10360,0.47488255561515125
10361,0.6417591488105943
10362,0.34209766753741744
10363,0.27374055460439867
10364,0.6300088349488534
10365,0.6984520897893202
10366,0.7744002459892939
10367,0.37416152057015745
10368,0.19828755856408498
10369,0.5284924687351119
10370,0.9147083112694522
10371,0.577969492523819
10372,0.4177385808563803
10373,0.7683613416620045
10374,0.5675424498407788
10375,0.1965025103664423
10376,0.5018253687699096
10377,0.5566406193475012
10378,0.18778370801808147
10379,0.2285423443052666
10380,0.4990938072171515
10381,0.6063812752221676
10382,0.3963338319837869
10383,0.361526565503984
10384,0.10403875961127132
10385,0.19966589428277928
10386,0.581380983498284
10387,0.7737507047061692
10388,0.4381801792205006
10389,0.5668566878427468
10390,0.24792828880249038
10391,0.5959320704352765
10392,0.21163381712480234
10393,0.3184311154156015
10394,0.2765410490286494
10395,0.1717073472907359
10396,0.8133382184599807
10397,0.40465365159078837
10398,0.5316949366277163
10399,0.32062435710967285
10400,0.3778422622251518
10401,0.12093400991147893
10402,0.32640288772600407
10403,0.7653472908983431
10404,0.8005260692826947
10405,0.621432302608058
10406,0.15549123229912606
10407,0.4075289050328555
10408,0.8366316932149443
10409,0.2874218050843541
10410,0.4809978154162682
10411,0.7065739720814262
10412,0.6463484511879422
10413,0.40964076152889745
10414,0.3072254103807468
10415,0.3056795911714503
10416,0.4212010233486699
10417,0.34588042384512013
10418,0.16683424064389912
10419,0.41482939945387975
10420,0.19334199833267193
10421,0.7372905934578389
10422,0.5425404887049778
10423,0.5925635922773087
10424,0.4075981469973562
10425,0.2570193998459144
10426,0.5244444327139137
10427,0.05327959236605927
10428,0.19571020561525032
10429,0.15963449913374408
10430,0.7484401459681139
10431,0.42628726159672586
10432,0.21471293800820332
10433,0.5088078383843592
10434,0.5224146090991767
10435,0.5378058991046133
10436,0.33311199011678044
10437,0.802113994656198
10438,0.7651791239952821
10439,0.4387405927042676
10440,0.23551253249078477
10441,0.8077938244334684
10442,0.6822799961076663
10443,0.09337560188982076
10444,0.3888921476240819
10445,0.8805288979803558
10446,0.7840555800781452
10447,0.5720523824468682
10448,0.30319397694827166
10449,0.6005497372247154
10450,0.10196612824910073
10451,0.1811485233361373
10452,0.780625050745074
10453,0.28034635144346054
10454,0.7571362808723707
10455,0.7679609718132573
10456,0.11320176570224887
10457,0.23758108769726313
10458,0.7605231064211441
10459,0.5452981089830274
10460,0.38089996463272946
10461,0.6350881765181313
10462,0.9253419787412459
10463,0.7909521673914854
10464,0.2977024490211752
10465,0.2466328094214752
10466,0.3832874271140631
10467,0.2230886580840537
10468,0.34478242545499027
10469,0.3663646831816958
10470,0.5045450660335778
10471,0.1872306918505263
10472,0.9351189689581265
10473,0.7018505974125212
10474,0.47588806637936204
10475,0.07371509178013233
10476,0.7966324403914877
10477,0.8250539683618471
10478,0.6215077456185819
10479,0.3687506054220019
10480,0.6112376631887474
10481,0.22315121994234544
10482,0.6880061329503655
10483,0.7106695737173429
10484,0.26795154155152584
10485,0.39482098513538794
10486,0.10542244569359677
10487,0.6347347954675976
10488,0.8678319552160039
10489,0.21717987457413993
10490,0.47514929047500143
10491,0.4910733973102376
10492,0.4239941051649315
10493,0.15644978790910402
10494,0.8128441283925113
10495,0.0997707406699727
10496,0.6379133028119464
10497,0.352556632496337
10498,0.13986307766763006
10499,0.32748605104209166
10500,0.8488277135132065
10501,0.383572536890702
10502,0.8168974397669047
10503,0.4184604736157828
10504,0.921346674324511
10505,0.8401021436744558
10506,0.8609847374147758
10507,0.41794393548582237
10508,0.6952769422276688
10509,0.8248601645087209
10510,0.7705034105580695
10511,0.4118677105151654
10512,0.5723860567920396
10513,0.8411349413905397
10514,0.757748326991852
10515,0.8424357823792911
10516,0.7798965292357803
10517,0.5627605356562437
10518,0.4262319061586307
10519,0.8671598735386171
10520,0.5371311456972607
10521,0.3049449930156509
10522,0.8591717164690997
10523,0.7833338901737686
10524,0.7431008777204146
10525,0.12403082063260042
10526,0.20474170682875967
10527,0.24023446412966346
10528,0.6305309548941403
10529,0.6305309548941403
10530,0.47075779393409384
10531,0.14228853700545835
10532,0.45213035212739244
10533,0.6299907039353068
10534,0.1688122495574603
10535,0.5672310164260955
10536,0.4833016450781163
10537,0.6785816426951058
10538,0.5450813343626056
10539,0.47028116508284484
10540,0.3207333503173745
10541,0.5954628497526134
10542,0.5456850926763164
10543,0.6055885283477722
10544,0.8541188069071664
10545,0.2783332031476486
10546,0.8410086749703976
10547,0.6858592461142998
10548,0.6262365296739213
10549,0.3058124439666059
10550,0.41304007067719145
10551,0.08865349669853398
10552,0.3445303870450354
10553,0.5246631309613207
10554,0.358205567912505
10555,0.25988025152393296
10556,0.8220489098802978
10557,0.102898206007044
10558,0.05895352133700412
10559,0.24140838608948192
10560,0.8367031404996018
10561,0.24001928526151875
10562,0.776642818730745
10563,0.4289038337558918
10564,0.3526996809320814
10565,0.6723081045560269
10566,0.9068980962901159
10567,0.8925948465768946
10568,0.7765056448915105
10569,0.6737968534172328
10570,0.19841859401726802
10571,0.8993788704960252
10572,0.6976853901168443
10573,0.28357470362260484
10574,0.06284377181982591
10575,0.5532084923550523
10576,0.3107825020361379
10577,0.23031188589561347
10578,0.11485315589957838
10579,0.5395882888359906
10580,0.7152935828288322
10581,0.4633800844423882
10582,0.20535686236433784
10583,0.21355157550773116
10584,0.5113010275609458
10585,0.5415489167159202
10586,0.2902107315396121
10587,0.14723521414821195
10588,0.5714445999565237
10589,0.07943687032748149
10590,0.5020560440187625
10591,0.6325548170210492
10592,0.1338401744945278
10593,0.9260380079931366
10594,0.07616306747869443
10595,0.05875198689678516
10596,0.7700140446717059
10597,0.28691779884264007
10598,0.23898023592429693
10599,0.2612797197654178
10600,0.6568794181831591
10601,0.279694935826219
10602,0.11550199599609365
10603,0.6512951088380972
10604,0.2865905301766913
10605,0.6215976582306751
10606,0.7769109889125773
10607,0.8847344908298718
10608,0.3924962851107456
10609,0.8848615180567021
10610,0.24134530999310244
10611,0.4917855336467348
10612,0.5616217821012868
10613,0.6053705252661059
10614,0.1744787303231976
10615,0.40202456395900343
10616,0.3096600116149625
10617,0.2912503536023465
10618,0.8898244639978696
10619,0.6876350492196036
10620,0.6876350492196036
10621,0.4048263288961619
10622,0.7883114279708185
10623,0.5162950693787444
10624,0.4633024682758033
10625,0.1275507999203355
10626,0.17362872774513488
10627,0.30873967455174256
10628,0.5482670684925047
10629,0.8824343718357819
10630,0.6268618961533348
10631,0.39396336013611916
10632,0.7040741513238871
10633,0.37297949065450775
10634,0.49905360675698174
10635,0.17088664274822704
10636,0.5842397591837507
10637,0.6515568290708565
10638,0.7845787191788575
10639,0.3150263666165307
10640,0.420379093114756
10641,0.8514175114380973
10642,0.8070344221835023
10643,0.2878537338841288
10644,0.2523432564736228
10645,0.538302136508253
10646,0.1476572129553751
10647,0.1514208350064102
10648,0.32348600396995086
10649,0.7058875428593334
10650,0.7458349979629675
10651,0.5448240799895514
10652,0.2779605917664486
10653,0.8333225607585386
10654,0.2466768284892173
10655,0.49576913420839985
10656,0.5290474294688923
10657,0.6636296442782414
10658,0.8374970238560948
10659,0.5674665702077492
10660,0.6291339786964258
10661,0.8099776885966236
10662,0.748965458808294
10663,0.8778774955230937
10664,0.5916147727220777
10665,0.5916147727220777
10666,0.7854267338209735
10667,0.8457785670259838
10668,0.5402161343288301
10669,0.2154006697466718
10670,0.48232587570195395
10671,0.3179572327094965
10672,0.5656031306788464
10673,0.43867580761832903
10674,0.6361342542561482
10675,0.7249444826243095
10676,0.8447071693557097
10677,0.8163187591601857
10678,0.17732504519102366
10679,0.378658601861787
10680,0.3410568873114383
10681,0.7605428492336901
10682,0.7751647098483506
10683,0.930289279467988
10684,0.5605737737394229
10685,0.384614308124149
10686,0.8137100098950214
10687,0.9133940142152661
10688,0.5158417663116971
10689,0.8616544071972255
10690,0.3192040648318963
10691,0.4821807657891901
10692,0.4821807657891901
10693,0.30240336224620307
10694,0.7199731015934293
10695,0.8800458711988862
10696,0.8645716406339986
10697,0.8857690217738557
10698,0.37365388213035744
10699,0.27549057807901484
10700,0.3184465051178708
10701,0.39711856971521237
10702,0.2527562049824419
10703,0.6545068891566482
10704,0.6738310276152609
10705,0.5111085471799979
10706,0.505803295801172
10707,0.4077783932816765
10708,0.8157035428312187
10709,0.7678165235849148
10710,0.8636028398989649
10711,0.5518396467713972
10712,0.5618498475491771
10713,0.6850514310922491
10714,0.9174008116553654
10715,0.19935250590858272
10716,0.6970726112857446
10717,0.6884184025716152
10718,0.8609141055615636
10719,0.9168567013771938
10720,0.6012124953070039
10721,0.7512497232203555
10722,0.7536436638642877
10723,0.8436682326019614
10724,0.4476266565734119
10725,0.5689810233586297
10726,0.26602328588416235
10727,0.9148971907576118
10728,0.18699799481803914
10729,0.2826768921582318
10730,0.3057094799855956
10731,0.6019761316218333
10732,0.8633318353719645
10733,0.6932644119122298
10734,0.8083565608346769
10735,0.7685324472181855
10736,0.8578578752140775
10737,0.7542269796531432
10738,0.21011564234859786
10739,0.7984014510596633
10740,0.11064056520162356
10741,0.46524419133003814
10742,0.38224041280117754
10743,0.1046345473322025
10744,0.275655540649854
10745,0.32683968504860383
10746,0.18599718404752683
10747,0.15719119505531753
10748,0.5600513306777268
10749,0.7815546577577124
10750,0.5443758789783517
10751,0.6306936162797993
10752,0.34386143800586805
10753,0.8192962041746965
10754,0.542180923999025
10755,0.40959913038198525
10756,0.34503784811859395
10757,0.7235046984817617
10758,0.2718828631115379
10759,0.7524761611143551
10760,0.15266774187573048
10761,0.3697070856582738
10762,0.5109478365903715
10763,0.5303461568434965
10764,0.4791250556964413
10765,0.38743819774310173
10766,0.12829064076312247
10767,0.28783029265668286
10768,0.17724872805992342
10769,0.34487649663582187
10770,0.23445963183066143
10771,0.6623190875275633
10772,0.26702251483935896
10773,0.5956074516873996
10774,0.7380194434122469
10775,0.5014237893218119
10776,0.4601829476898541
10777,0.09877087196515766
10778,0.18849210064901506
10779,0.1973069311167675
10780,0.4731818953365614
10781,0.4787523239922941
10782,0.0566805002617705
10783,0.25885382019771647
10784,0.20342273992764406
10785,0.5050834630470064
10786,0.3438695039621021
10787,0.0675554943997606
10788,0.7842323161491022
10789,0.20939546651303434
10790,0.30010695186195663
10791,0.29640077213536475
10792,0.14162229365690657
10793,0.14256872005756557
10794,0.6489614186967739
10795,0.7590519676580695
10796,0.10145461904049535
10797,0.25351097097011044
10798,0.8230274587198005
10799,0.32031179763959894
10800,0.5546465060962924
10801,0.7123661169688233
10802,0.785699864603257
10803,0.8440615777255374
10804,0.25959245746710613
10805,0.3681307040174223
10806,0.6429008642423787
10807,0.7309574910677461
10808,0.48543325279832067
10809,0.4455790533572517
10810,0.5336293621851392
10811,0.238048894770699
10812,0.44234723387330005
10813,0.12008081359814075
10814,0.6088285961648741
10815,0.5930946856193618
10816,0.4930808073440154
10817,0.8209467853058229
10818,0.5889553331268438
10819,0.7164191670645178
10820,0.4217193901874538
10821,0.505610493195591
10822,0.23080743593151806
10823,0.7128267693102343
10824,0.3987355437720314
10825,0.2356680676879378
10826,0.18861546713832786
10827,0.33899887415614594
10828,0.478412251517031
10829,0.2748364642669766
10830,0.1413046978650953
10831,0.4392335758421681
10832,0.07078187224596594
10833,0.5041090755000054
10834,0.36739954319327844
10835,0.5756996541652251
10836,0.33073733967114927
10837,0.8986808317885975
10838,0.3328384155100557
10839,0.2482974568343727
10840,0.4111936280353846
10841,0.2938877932123316
10842,0.34596570398746423
10843,0.11734739260567616
10844,0.1348829247152585
10845,0.10469085885370169
10846,0.1146896034138095
10847,0.11339798445369284
10848,0.29950556642755904
10849,0.2690336686381346
10850,0.14939407661900075
10851,0.44010288801734104
10852,0.36682215362544146
10853,0.6569366651328826
10854,0.6652908870974511
10855,0.14660418753288237
10856,0.4873611916882897
10857,0.06635512464736162
10858,0.4357374712682168
10859,0.3594471607226071
10860,0.2885806353715212
10861,0.20164876667182652
10862,0.47275309285292266
10863,0.7262635999169743
10864,0.7014045783839172
10865,0.6084993891968802
10866,0.8627010198594454
10867,0.4616437052962063
10868,0.3128950970843289
10869,0.2375676312153523
10870,0.6307671991040212
10871,0.554625719284712
10872,0.3375008095486811
10873,0.30176618626306273
10874,0.6655972605991455
10875,0.33609792214915546
10876,0.08096192162059324
10877,0.1758056935297143
10878,0.7386363134204755
10879,0.5792333344574362
10880,0.6057449693887038
10881,0.5863278904150814
10882,0.292538773124614
10883,0.22160489196374986
10884,0.8157813564926887
10885,0.39624244303598566
10886,0.7625022142477433
10887,0.19727324793044937
10888,0.11014349831173148
10889,0.3341683740241694
10890,0.5542680897549953
10891,0.10190792611589111
10892,0.5091437694823256
10893,0.7056176277244536
10894,0.576313072426968
10895,0.5347749573959516
10896,0.17100203854465568
10897,0.39700573128343203
10898,0.6414696195948306
10899,0.40439108805671553
10900,0.9337337201167755
10901,0.23487896098566985
10902,0.8103765345829655
10903,0.8665334046222082
10904,0.19053652390591844
10905,0.5853961838152812
10906,0.6516697356034261
10907,0.8111079999895578
10908,0.7008994366018947
10909,0.511389915855931
10910,0.6478801927942157
10911,0.5738858510556221
10912,0.8604646627150396
10913,0.23597155218209634
10914,0.810095195864585
10915,0.31961430040444605
10916,0.27703613531004284
10917,0.307110940412225
10918,0.40873276388742785
10919,0.657389118832763
10920,0.4071172890583238
10921,0.7442355235101206
10922,0.49313202866837225
10923,0.3997472441895427
10924,0.6547305847470656
10925,0.6886725105198108
10926,0.679746294659564
10927,0.7949077739895746
10928,0.8524142975675562
10929,0.7350188672452893
10930,0.6758893149375488
10931,0.4162183450128136
10932,0.8086800477789302
10933,0.897492472596588
10934,0.5746550873871082
10935,0.4394406434252742
10936,0.3092558230444606
10937,0.8568866485060005
10938,0.90024064629177
10939,0.47535686619743145
10940,0.2729798316117563
10941,0.7320860926559601
10942,0.3566014758248358
10943,0.5567551908754952
10944,0.8499368183226546
10945,0.8975136587074287
10946,0.730901981515429
10947,0.6983455809615045
10948,0.170891568973706
10949,0.5527368580076905
10950,0.7554005626216823
10951,0.8386984342890301
10952,0.49269065852699195
10953,0.7685644386431775
10954,0.7755609794791836
10955,0.7131768029323261
10956,0.4587755187588887
10957,0.29649990118848796
10958,0.7013594523643207
10959,0.21531638137231682
10960,0.3692981909866342
10961,0.8965353343635181
10962,0.8353444141288984
10963,0.3113288378639815
10964,0.5926945960203602
10965,0.7300494772443055
10966,0.6895295268525965
10967,0.17519841857582932
10968,0.541327423969198
10969,0.7461072458473291
10970,0.47914039711801537
10971,0.3002445085626623
10972,0.6751986823990567
10973,0.7265452915216155
10974,0.891747157846083
10975,0.7447796015546165
10976,0.6261688056370299
10977,0.7773572806821568
10978,0.3806335551399974
10979,0.7512487716903167
10980,0.2678799600825047
10981,0.6779674185640895
10982,0.6779674185640895
10983,0.342916803072468
10984,0.7706347516254582
10985,0.820094101323204
10986,0.633072829122828
10987,0.8023708634075012
10988,0.12149049681246905
10989,0.7229340213820621
10990,0.12093950611905922
10991,0.24592977416444034
10992,0.6546152372564508
10993,0.6546152372564508
10994,0.3412449030620223
10995,0.45518410953249516
10996,0.10787343150626966
10997,0.7030651488330167
10998,0.8901904519951668
10999,0.423662334937783
11000,0.47168176919030624
11001,0.12869787886878176
11002,0.4288055495847116
11003,0.14253541992699084
11004,0.5142959336564045
11005,0.48711494197821076
11006,0.26278356530420777
11007,0.3148536036943906
11008,0.15469256173807622
11009,0.11975236556985693
11010,0.8331641967657
11011,0.6635020536562002
11012,0.44814980505718693
11013,0.7585478188071219
11014,0.8418793448791382
11015,0.3256783363170301
11016,0.745628028330448
11017,0.6061483195769516
11018,0.4261726510437589
11019,0.8623475575669718
11020,0.9353929817412733
11021,0.4757734633748184
11022,0.39542868821882027
11023,0.2519559810601937
11024,0.7222082797686488
11025,0.1758301441204371
11026,0.8013000839298708
11027,0.7664092366137853
11028,0.45569416490657605
11029,0.6103191219635601
11030,0.6103191219635601
11031,0.705978046620416
11032,0.8217033246599645
11033,0.26388442748769725
11034,0.8367324492498404
11035,0.605085330555786
11036,0.23496822103508644
11037,0.850973927495696
11038,0.42924716453198425
11039,0.32174774985871624
11040,0.48103172799319094
11041,0.31336823741737485
11042,0.7726371694591019
11043,0.2584424465431129
11044,0.4780642173403826
11045,0.8431308624583288
11046,0.5970842788114789
11047,0.2452185521601801
11048,0.6172857355375458
11049,0.43702730769398856
11050,0.18178886276974865
11051,0.6968648447713561
11052,0.5361001118049799
11053,0.5212676713670961
11054,0.5089336372989922
11055,0.3630219694759448
11056,0.5105843827509808
11057,0.25684594722088505
11058,0.27457057561360915
11059,0.33845920199437196
11060,0.6098081887800108
11061,0.8915568711080439
11062,0.872064110916875
11063,0.8288687738509875
11064,0.20175998643746115
11065,0.5384695388202148
11066,0.21802658751891885
11067,0.2555376588069165
11068,0.7671336866971533
11069,0.7671336866971533
11070,0.5426428285198753
11071,0.8909929028047178
11072,0.3556652810938997
11073,0.1746972935908389
11074,0.5375323890596218
11075,0.5414264103093187
11076,0.5797894112204472
11077,0.37571708355833544
11078,0.8794198569409023
11079,0.5225606421639843
11080,0.45339592784355875
11081,0.5333068888580909
11082,0.8212292669305136
11083,0.7354781331233192
11084,0.4735841200804793
11085,0.1963254802412224
11086,0.18105004993627583
11087,0.2895715262146336
11088,0.08397754379965239
11089,0.6185403837569787
11090,0.3723497678044551
11091,0.5490526313231523
11092,0.6798737874767162
11093,0.6556604699841598
11094,0.4742834927647405
11095,0.3030557545482525
11096,0.7868039196171558
11097,0.8450940400508561
11098,0.7317338173264549
11099,0.8281901595155983
11100,0.8772508526162082
11101,0.6422895291073569
11102,0.6764928336458543
11103,0.7496130756288809
11104,0.1884178185965587
11105,0.2531596560000375
11106,0.8150784445175564
11107,0.1765407055082779
11108,0.6956084512011043
11109,0.4171073995277563
11110,0.8097079240692903
11111,0.7950468161263369
11112,0.7324002542834279
11113,0.6304290108238755
11114,0.14926327564060038
11115,0.8651365581191534
11116,0.5569058301321551
11117,0.634923566462552
11118,0.2614965429890693
11119,0.668045760347252
11120,0.14786706027786725
11121,0.7489553121754071
11122,0.6654545915607244
11123,0.08964935308336335
11124,0.4088225306873716
11125,0.9245838603977018
11126,0.47074990153691976
11127,0.5321315147281497
11128,0.12608131756900723
11129,0.4215944799681418
11130,0.5431416546457046
11131,0.37861628169458833
11132,0.346046836422762
11133,0.8126723257828925
11134,0.5997410339373382
11135,0.06610198475776827
11136,0.25009162427638304
11137,0.8442539496651225
11138,0.7918443263676275
11139,0.84615594762084
11140,0.8040459430261541
11141,0.8040459430261541
11142,0.19365464133592095
11143,0.20574220083722342
11144,0.8785888204595365
11145,0.619985116540391
11146,0.09499609408040667
11147,0.7307759976986844
11148,0.75031170018994
11149,0.243533552882166
11150,0.13442857398603728
11151,0.5911198736232509
11152,0.7508718917104484
11153,0.5836284677871952
11154,0.6120388276326921
11155,0.5165281405493616
11156,0.6586524686006564
11157,0.5960645950437485
11158,0.49196317360879804
11159,0.2784362563667123
11160,0.20584477059906978
11161,0.5950123066245459
11162,0.9236972000025377
11163,0.5653662861053808
11164,0.7617832282967347
11165,0.6484472475437094
11166,0.7264973520432483
11167,0.44352369826796995
11168,0.8587913944866832
11169,0.6781671936277284
11170,0.8696377818944155
11171,0.4026291694984024
11172,0.3248170375271273
11173,0.7055261333679129
11174,0.6886857266510815
11175,0.5399376318679686
11176,0.4690922984569543
11177,0.7378192723341729
11178,0.7087726646536868
11179,0.15406301261867214
11180,0.6511283468996898
11181,0.3537694407466531
11182,0.6937563003885451
11183,0.9158690950477154
11184,0.7039519262912033
11185,0.3226130742515388
11186,0.5839719906076776
11187,0.7953445418412713
11188,0.3148381360715331
11189,0.5672178060224133
11190,0.8116367426431951
11191,0.358403317412026
11192,0.15694468182635932
11193,0.3162825978227078
11194,0.48983696922727926
11195,0.9238208020443145
11196,0.9148747814392842
11197,0.25059260098217884
11198,0.7469255946048281
11199,0.3337222476630063
11200,0.34615550770596204
11201,0.8046954993552501
11202,0.5440685923288057
11203,0.7256635181030041
11204,0.9071745547480977
11205,0.4410944077659654
11206,0.6751975053092096
11207,0.8210696438593691
11208,0.6313238478295149
11209,0.059541731658325846
11210,0.6640539396093483
11211,0.4825724554421857
11212,0.6631840037954809
11213,0.3711928466910516
11214,0.2630145176496584
11215,0.6864658011417424
11216,0.7748892141057678
11217,0.8221398296265494
11218,0.7939240904826951
11219,0.4499461967576632
11220,0.4974408639414278
11221,0.10928788787757072
11222,0.6071294102063758
11223,0.6659729391384541
11224,0.23652401145264468
11225,0.11752031801089621
11226,0.7152409330752362
11227,0.7614697714975456
11228,0.9077664022102302
11229,0.1049495440259213
11230,0.4911736226643099
11231,0.2814524081382684
11232,0.9095678759574369
11233,0.6511810343296882
11234,0.45746060344883044
11235,0.6378243864213858
11236,0.06506601496693004
11237,0.8091369354395261
11238,0.7637681436004464
11239,0.05892007997383376
11240,0.7430745283765905
11241,0.8186365221563446
11242,0.9033785225856361
11243,0.7356410533938093
11244,0.4733074325581944
11245,0.2329336444888602
11246,0.9090478186542442
11247,0.8282495927437861
11248,0.840063725245018
11249,0.8938849001368345
11250,0.35082455483204267
11251,0.3048117082338274
11252,0.0848132818902969
11253,0.9299903113631045
11254,0.5884536908046003
11255,0.6815513330267253
11256,0.838828346073647
11257,0.7876589878381978
11258,0.27316374933477283
11259,0.41391352741944354
11260,0.8640626324122556
11261,0.2888479337771891
11262,0.7260931741746273
11263,0.4207594719545803
11264,0.6977853823466269
11265,0.7831280115831631
11266,0.6939876046038963
11267,0.10761299995817751
11268,0.6379895321628121
11269,0.1746918055543467
11270,0.6530845788672246
11271,0.6625000479846745
11272,0.6268193679610933
11273,0.7750569082003942
11274,0.8708671476173337
11275,0.8708671476173337
11276,0.6070945752330307
11277,0.8069038904757138
11278,0.42673213440855967
11279,0.6452542324795083
11280,0.5124688914026343
11281,0.7549920237476648
11282,0.21164187436018975
11283,0.5122081969531597
11284,0.09657932129777418
11285,0.39558864002768007
11286,0.18256229301269905
11287,0.3709094277761344
11288,0.4801396026339271
11289,0.2127215097258431
11290,0.22799517182822487
11291,0.47444999432021384
11292,0.3367451890568049
11293,0.3607862020111394
11294,0.8153001776158525
11295,0.39776614040068325
11296,0.739212971554832
11297,0.7443367305389104
11298,0.21859855325616948
11299,0.07596571386770902
11300,0.18876520941884925
11301,0.7015474464339382
11302,0.8358647848857444
11303,0.2265519600133614
11304,0.5229353908281892
11305,0.4715031929071227
11306,0.13760405827333982
11307,0.06420956249195932
11308,0.07268660964826117
11309,0.6845925449287688
11310,0.41912450045033256
11311,0.738250225505702
11312,0.3189556592383491
11313,0.8958926865913706
11314,0.70432660461729
11315,0.8763465620254139
11316,0.7959686776019922
11317,0.9361157845973513
11318,0.67959166409205
11319,0.1916460158188258
11320,0.10314918484560419
11321,0.5597357731540106
11322,0.534880452704692
11323,0.4069697532613886
11324,0.5408002500802468
11325,0.5071445279943316
11326,0.3658196950568167
11327,0.8182010135711844
11328,0.23374273669119114
11329,0.3594532732770322
11330,0.8480284034986549
11331,0.2354375240864618
11332,0.06258012524361227
11333,0.215771063827848
11334,0.48617426134435404
11335,0.7367116012772386
11336,0.3439382397248711
11337,0.7344487804455845
11338,0.7344487804455845
11339,0.7845846265833412
11340,0.23569746308985487
11341,0.7586479194019996
11342,0.5896273887233308
11343,0.3812421256896534
11344,0.6933698437246508
11345,0.20755175176974358
11346,0.14826346079932534
11347,0.6074969085444253
11348,0.5692834150832213
11349,0.7221772570546483
11350,0.29908761875159234
11351,0.12989008362468518
11352,0.3721093856503662
11353,0.9398632180347607
11354,0.862745538873766
11355,0.862745538873766
11356,0.21665246077183556
11357,0.10083856727448864
11358,0.11545238534748793
11359,0.5718997802384524
11360,0.36612574060350667
11361,0.32241748239448176
11362,0.45483607457208564
11363,0.3035610978697491
11364,0.6111419543725253
11365,0.6190610076289644
11366,0.5572600725177161
11367,0.4612126353416759
11368,0.18317174175919101
11369,0.28194158459513796
11370,0.8208123952175251
11371,0.46116235743865697
11372,0.4805592545626398
11373,0.1244291614940552
11374,0.38995411378013367
11375,0.5121047184983394
11376,0.7704107312684534
11377,0.5093448870091394
11378,0.14110618917730863
11379,0.8353619753633492
11380,0.7345266257032553
11381,0.1964536874000812
11382,0.4070100249347857
11383,0.2997828124326166
11384,0.6379447935688836
11385,0.18737026040430613
11386,0.2337569524692477
11387,0.495109354211888
11388,0.3060244591431206
11389,0.3060244591431206
11390,0.14480732490804615
11391,0.07229476110373402
11392,0.7221223734127118
11393,0.13688897946059056
11394,0.7902762258547034
11395,0.3006527219322087
11396,0.8306187707292867
11397,0.8380775416365568
11398,0.3099428015497549
11399,0.8826792229760804
11400,0.8074523558583431
11401,0.7809290950599056
11402,0.749494599433046
11403,0.8287711638419133
11404,0.2936398502413782
11405,0.25307355635944695
11406,0.33944664701893806
11407,0.23859880745309245
11408,0.34338912661945575
11409,0.5566997441719697
11410,0.8196619728743101
11411,0.1625894229155567
11412,0.7329323798022184
11413,0.36107648656138336
11414,0.2819697208406508
11415,0.26915472554808445
11416,0.2953775753864537
11417,0.17265771760701462
11418,0.06461652238977672
11419,0.6146139545857671
11420,0.7979977963457441
11421,0.18572839096234173
11422,0.1870808487008813
11423,0.7805266894177104
11424,0.15517688974186078
11425,0.19613231323272715
11426,0.8205795087822997
11427,0.6867861217233432
11428,0.5704927369863698
11429,0.5864834343743064
11430,0.47856972211073334
11431,0.8968784719041056
11432,0.49947117294025273
11433,0.7092472782985825
11434,0.8294280093208765
11435,0.8819987811193264
11436,0.17689424731542072
11437,0.1869767149673001
11438,0.2353340109989235
11439,0.2353340109989235
11440,0.4874526747674083
11441,0.2534423878281677
11442,0.13479694661360478
11443,0.10636297464049149
11444,0.1729180312168105
11445,0.2735292040846314
11446,0.31791318278954384
11447,0.2288838522836992
11448,0.22070836509506986
11449,0.6129545681166481
11450,0.19597490468859716
11451,0.11818772700312773
11452,0.5902015726678456
11453,0.7221833757545452
11454,0.12470525376207055
11455,0.6615658085067755
11456,0.1468324178088982
11457,0.5079711142152328
11458,0.1695338380970426
11459,0.11202641808487544
11460,0.5886344609131412
11461,0.7072002545512087
11462,0.2609999318329125
11463,0.43437240823995965
11464,0.5505649318760575
11465,0.8535264314632551
11466,0.4323044827287151
11467,0.5823009167900891
11468,0.3774117758757435
11469,0.5239474058155614
11470,0.7443843054264492
11471,0.7448211174135392
11472,0.6608224473472751
11473,0.09932904387095508
11474,0.7035995026528986
11475,0.337957363638431
11476,0.46471867165707476
11477,0.1829263752008998
11478,0.5462025652235819
11479,0.5814397539119898
11480,0.21580255021497802
11481,0.6930010339440055
11482,0.12882950893318745
11483,0.237613721467899
11484,0.18120341316115957
11485,0.8668198642716651
11486,0.39206227155327655
11487,0.2371586178224778
11488,0.20503932744535333
11489,0.36990807910395407
11490,0.6916781162495725
11491,0.7757644570299544
11492,0.24128701619081694
11493,0.2911411701243094
11494,0.40873054762964406
11495,0.25138011201395183
11496,0.20361718459025765
11497,0.3280221718545093
11498,0.49027521401370844
11499,0.612576319440002
11500,0.6974299792902648
11501,0.22177326426568364
11502,0.8275557307376636
11503,0.5857071276423889
11504,0.5535975509276417
11505,0.864188292538659
11506,0.6234990523499929
11507,0.13832174723763374
11508,0.5664860978850502
11509,0.14496950075189186
11510,0.7607872078320181
11511,0.35807394160786715
11512,0.784151650736991
11513,0.42786069749895617
11514,0.5895232534605286
11515,0.5806361686216173
11516,0.6705531839237928
11517,0.3025217141203884
11518,0.5816533638178956
11519,0.3790933017374016
11520,0.30159717625625887
11521,0.1576998515522252
11522,0.05701559916798743
11523,0.23936412372460877
11524,0.3474987904269491
11525,0.41803711174580727
11526,0.8579669276422636
11527,0.7256250884545271
11528,0.8035615523890599
11529,0.8507967174982731
11530,0.6260680180874436
11531,0.6609247855190286
11532,0.6495173088559594
11533,0.8511822520813863
11534,0.47357536114385224
11535,0.31264622703840794
11536,0.48590850475225783
11537,0.752268268558374
11538,0.6479271747795534
11539,0.2357731275720367
11540,0.34640971601063814
11541,0.7097995834025972
11542,0.7712054900814771
11543,0.17414058391374676
11544,0.31614046103122295
11545,0.113509464706139
11546,0.3244755546599723
11547,0.5654442873418678
11548,0.7536999929616564
11549,0.06411857882199953
11550,0.35204229393124725
11551,0.9246389502010627
11552,0.7283282490426981
11553,0.5254445583790228
11554,0.43045604034715784
11555,0.4535746711995492
11556,0.30634389654725724
11557,0.42664195810670663
11558,0.42664195810670663
11559,0.6282373028907389
11560,0.4912500666745458
11561,0.4595840760438933
11562,0.747180983373427
11563,0.8942552793557602
11564,0.5330265174269014
11565,0.866992267812882
11566,0.7921419237760468
11567,0.7126842228849808
11568,0.5736751855710511
11569,0.6738461334540341
11570,0.6330219966898815
11571,0.6330219966898815
11572,0.10587729583775048
11573,0.09175260075287786
11574,0.17814475174472436
11575,0.07765991562855984
11576,0.3041699130485546
11577,0.6331196529090078
11578,0.21277725838411546
11579,0.35464468293998885
11580,0.5285736482989464
11581,0.5285736482989464
11582,0.3762033971374977
11583,0.38909173604598063
11584,0.152926385366935
11585,0.7577917987593135
11586,0.7737082088718322
11587,0.3053676089982963
11588,0.8315236092656751
11589,0.4283515781825794
11590,0.26529256613857055
11591,0.6581721361601032
11592,0.463575734583648
11593,0.48229827920005297
11594,0.38256854737616397
11595,0.6991995797709613
11596,0.6712537335227817
11597,0.6864869661790051
11598,0.6958078760058487
